City_ID,City,Country,Date,Lat,Lng,Max Temp,Humidity,Cloudiness,Wind Speed
0,Bluff,NZ,2022-08-26 13:35:19,-46.6,168.3333,46.8,83,14,4.7
1,Kushiro,JP,2022-08-26 13:35:19,42.975,144.3747,63.09,97,100,4.05
2,New Norfolk,AU,2022-08-26 13:35:19,-42.7826,147.0587,44.91,87,11,0.43
3,Atuona,PF,2022-08-26 13:35:20,-9.8,-139.0333,76.14,71,47,20.2
4,Tabas,IR,2022-08-26 13:35:20,33.5959,56.9244,88.47,8,0,13.73
5,Vaini,TO,2022-08-26 13:35:20,-21.2,-175.2,73.56,94,20,4.61
6,Kapaa,US,2022-08-26 13:35:21,22.0752,-159.319,74.19,89,27,1.01
7,Tura,IN,2022-08-26 13:35:21,25.5198,90.2201,77.72,86,99,3.02
8,Sorong,ID,2022-08-26 13:35:21,-0.8833,131.25,78.76,83,90,5.53
9,Nikolskoye,RU,2022-08-26 13:35:21,59.7035,30.7861,67.87,55,76,5.17
10,Khatanga,RU,2022-08-26 13:35:22,71.9667,102.5,39.34,70,100,15.75
11,Hermanus,ZA,2022-08-26 13:35:22,-34.4187,19.2345,61.81,64,18,21.12
12,Berlevag,NO,2022-08-26 13:35:23,70.8578,29.0864,66.0,77,0,5.75
13,Oxford,GB,2022-08-26 13:31:00,51.7522,-1.256,75.87,52,40,6.91
14,Wesselsbron,ZA,2022-08-26 13:35:23,-27.8549,26.3658,80.67,15,0,13.02
15,Mar Del Plata,AR,2022-08-26 13:35:23,-38.0023,-57.5575,52.95,84,0,3.44
16,Prince Rupert,CA,2022-08-26 13:31:00,54.3161,-130.3201,58.69,88,100,16.11
17,Jalu,LY,2022-08-26 13:35:24,29.0331,21.5482,95.56,17,0,12.44
18,Mataura,NZ,2022-08-26 13:35:24,-46.1927,168.8643,46.47,99,10,1.7
19,East London,ZA,2022-08-26 13:35:24,-33.0153,27.9116,65.34,72,20,9.22
20,Colac,AU,2022-08-26 13:35:26,-38.3333,143.5833,48.16,86,100,3.83
21,Hami,CN,2022-08-26 13:35:26,42.8,93.45,77.16,35,100,10.87
22,Wanning,CN,2022-08-26 13:35:26,18.8003,110.3967,81.41,90,93,7.11
23,Monrovia,LR,2022-08-26 13:35:27,6.3005,-10.7969,80.01,72,96,8.59
24,Rikitea,PF,2022-08-26 13:35:27,-23.1203,-134.9692,67.91,58,84,23.17
25,Port Alfred,ZA,2022-08-26 13:31:50,-33.5906,26.891,67.17,70,18,1.99
26,Punta Arenas,CL,2022-08-26 13:31:24,-53.15,-70.9167,32.11,93,75,25.32
27,Vila Do Maio,CV,2022-08-26 13:35:27,15.1333,-23.2167,84.99,75,57,7.2
28,Necochea,AR,2022-08-26 13:35:28,-38.5473,-58.7368,54.88,45,58,6.33
29,Cedar Falls,US,2022-08-26 13:31:11,42.5278,-92.4455,66.18,96,0,4.61
30,Bratsk,RU,2022-08-26 13:35:28,56.1325,101.6142,57.69,97,100,5.37
31,Codrington,AU,2022-08-26 13:35:28,-38.2667,141.9667,51.57,70,100,4.83
32,Busselton,AU,2022-08-26 13:35:29,-33.65,115.3333,54.25,80,13,5.32
33,Kodiak,US,2022-08-26 13:31:19,57.79,-152.4072,56.71,82,40,3.44
34,Kavieng,PG,2022-08-26 13:35:29,-2.5744,150.7967,81.5,78,17,16.53
35,Cherskiy,RU,2022-08-26 13:35:29,68.75,161.3,35.91,90,100,8.08
36,Ostrovnoy,RU,2022-08-26 13:35:30,68.0531,39.5131,67.37,60,93,17.36
37,Asau,RO,2022-08-26 13:35:30,46.4333,26.4,85.28,30,0,7.49
38,Cape Town,ZA,2022-08-26 13:33:03,-33.9258,18.4232,62.38,60,75,21.85
39,Ilulissat,GL,2022-08-26 13:35:30,69.2167,-51.1,41.02,93,100,6.91
40,Krasnorechenskiy,RU,2022-08-26 13:35:31,44.6265,135.3532,51.53,78,7,2.71
41,Arraial Do Cabo,BR,2022-08-26 13:35:31,-22.9661,-42.0278,76.96,69,0,18.41
42,Sao Joao Da Barra,BR,2022-08-26 13:35:31,-21.6403,-41.0511,78.89,69,44,11.68
43,Meru,KE,2022-08-26 13:34:41,0.0463,37.6559,68.38,64,66,7.47
44,Hithadhoo,MV,2022-08-26 13:35:32,-0.6,73.0833,79.38,71,100,8.19
45,Bathsheba,BB,2022-08-26 13:35:32,13.2167,-59.5167,86.61,74,40,13.8
46,Alta Floresta,BR,2022-08-26 13:36:32,-9.8756,-56.0861,85.82,62,7,5.75
47,Puerto Ayora,EC,2022-08-26 13:36:33,-0.7393,-90.3518,65.55,99,68,1.99
48,Shelburne,CA,2022-08-26 13:35:31,44.0787,-80.2041,66.76,97,89,8.88
49,Nabire,ID,2022-08-26 13:36:33,-3.3667,135.4833,75.51,91,41,3.11
50,Rocha,UY,2022-08-26 13:34:26,-34.4833,-54.3333,69.3,72,10,1.52
51,Castro,BR,2022-08-26 13:36:33,-24.7911,-50.0119,71.19,49,0,4.14
52,Penzance,GB,2022-08-26 13:36:34,50.1186,-5.5371,67.32,63,20,13.8
53,Jamestown,US,2022-08-26 13:32:21,42.097,-79.2353,68.02,75,100,5.75
54,La Ronge,CA,2022-08-26 13:36:34,55.1001,-105.2842,61.05,72,0,2.3
55,Albany,US,2022-08-26 13:32:30,42.6001,-73.9662,74.26,77,92,3.0
56,Fort Nelson,CA,2022-08-26 13:36:35,58.8053,-122.7002,54.99,100,75,4.61
57,Kruisfontein,ZA,2022-08-26 13:36:35,-34.0033,24.7314,60.89,57,35,9.15
58,Ushuaia,AR,2022-08-26 13:36:35,-54.8,-68.3,35.22,93,75,16.11
59,Yellowknife,CA,2022-08-26 13:33:25,62.456,-114.3525,59.52,88,40,3.44
60,Chuy,UY,2022-08-26 13:36:35,-33.6971,-53.4616,67.98,80,61,6.89
61,Sayyan,YE,2022-08-26 13:36:36,15.1718,44.3244,74.71,22,80,15.95
62,Tasiilaq,GL,2022-08-26 13:36:36,65.6145,-37.6368,41.16,79,100,2.1
63,Avarua,CK,2022-08-26 13:36:36,-21.2078,-159.775,69.85,73,9,4.61
64,Isangel,VU,2022-08-26 13:36:37,-19.55,169.2667,73.49,86,30,9.91
65,Cidreira,BR,2022-08-26 13:36:37,-30.1811,-50.2056,70.34,68,7,2.15
66,Katsuura,JP,2022-08-26 13:36:37,35.1333,140.3,80.78,90,100,11.5
67,Hobyo,SO,2022-08-26 13:36:38,5.3505,48.5268,78.26,71,15,29.01
68,Sirjan,IR,2022-08-26 13:36:38,29.452,55.6814,79.68,6,1,20.71
69,Barrow,US,2022-08-26 13:36:38,71.2906,-156.7887,39.22,100,100,8.05
70,Phalaborwa,ZA,2022-08-26 13:36:38,-23.943,31.1411,85.28,16,0,6.67
71,Bengkulu,ID,2022-08-26 13:36:39,-3.8004,102.2655,76.24,89,66,2.59
72,Chokurdakh,RU,2022-08-26 13:36:39,70.6333,147.9167,37.6,89,37,4.54
73,Tam Ky,VN,2022-08-26 13:36:39,15.5667,108.4833,79.9,85,95,2.19
74,San Cristobal,VE,2022-08-26 13:36:40,7.7669,-72.225,71.78,59,99,4.05
75,Qaanaaq,GL,2022-08-26 13:36:40,77.484,-69.3632,38.71,57,54,4.5
76,Severo-Kurilsk,RU,2022-08-26 13:36:40,50.6789,156.125,54.27,81,100,2.21
77,Eregli,TR,2022-08-26 13:36:41,37.5133,34.0467,86.72,20,1,8.37
78,Mahebourg,MU,2022-08-26 13:36:41,-20.4081,57.7,72.25,68,75,13.8
79,Nelson Bay,AU,2022-08-26 13:36:41,-32.7167,152.15,55.99,99,15,10.0
80,Ballina,AU,2022-08-26 13:36:41,-28.8667,153.5667,52.79,85,57,6.06
81,Longyearbyen,SJ,2022-08-26 13:36:42,78.2186,15.6401,42.64,65,40,3.44
82,Murrhardt,DE,2022-08-26 13:36:42,48.9819,9.5705,86.18,62,99,3.58
83,Halifax,CA,2022-08-26 13:33:50,44.6453,-63.5724,72.52,91,100,2.3
84,Hambantota,LK,2022-08-26 13:36:42,6.1241,81.1185,79.14,89,75,9.22
85,Miraflores,MX,2022-08-26 13:36:43,19.2167,-98.8083,59.97,82,7,0.98
86,Aasiaat,GL,2022-08-26 13:36:43,68.7098,-52.8699,37.4,95,100,7.74
87,Moussoro,TD,2022-08-26 13:36:43,13.6408,16.4901,87.35,51,32,4.52
88,Namibe,AO,2022-08-26 13:36:44,-15.1961,12.1522,67.33,72,34,13.04
89,Paamiut,GL,2022-08-26 13:36:44,61.994,-49.6678,41.52,98,100,5.03
90,Airai,TL,2022-08-26 13:36:44,-8.9266,125.4092,55.26,91,19,2.44
91,Gasa,PS,2022-08-26 13:36:16,31.5,34.4667,90.88,64,0,17.52
92,Loanda,AO,2022-08-26 13:35:52,-8.8368,13.2343,72.3,83,39,13.38
93,Elliot Lake,CA,2022-08-26 13:37:45,46.3834,-82.6331,55.98,70,40,9.64
94,Hilo,US,2022-08-26 13:37:45,19.7297,-155.09,74.28,64,0,5.75
95,Carnarvon,AU,2022-08-26 13:37:45,-24.8667,113.6333,66.92,71,0,16.44
96,Acarau,BR,2022-08-26 13:37:46,-2.8856,-40.12,86.74,44,90,14.54
97,Batsfjord,NO,2022-08-26 13:37:24,70.6345,29.7185,65.98,59,100,8.05
98,Oktyabrskoye,RU,2022-08-26 13:37:46,43.0645,44.7417,86.14,37,1,6.71
99,Salalah,OM,2022-08-26 13:37:46,17.0151,54.0924,78.89,94,75,9.22
100,Margate,GB,2022-08-26 13:37:47,51.3813,1.3862,73.31,54,0,5.26
101,Nan,TH,2022-08-26 13:37:47,18.8333,100.6667,72.45,99,100,2.77
102,Tomarovka,RU,2022-08-26 13:37:47,50.6834,36.2331,86.76,18,100,13.51
103,Agadez,NE,2022-08-26 13:37:48,19.75,10.25,100.87,23,6,7.07
104,San Carlos De Bariloche,AR,2022-08-26 13:35:39,-41.1456,-71.3082,42.55,65,40,21.85
105,Kisangani,CD,2022-08-26 13:37:48,0.5167,25.2,71.87,96,100,2.89
106,Riyadh,SA,2022-08-26 13:35:20,24.6877,46.7219,105.94,10,36,2.33
107,Suamico,US,2022-08-26 13:37:48,44.6319,-88.0393,64.29,82,0,6.91
108,Pevek,RU,2022-08-26 13:37:49,69.7008,170.3133,35.85,94,99,1.77
109,Bethel,US,2022-08-26 13:37:49,41.3712,-73.414,81.16,71,40,0.0
110,Nhulunbuy,AU,2022-08-26 13:37:49,-12.2333,136.7667,74.01,83,5,9.22
111,Lebu,CL,2022-08-26 13:37:50,-37.6167,-73.65,49.84,78,100,14.38
112,Port Elizabeth,ZA,2022-08-26 13:37:50,-33.918,25.5701,63.32,65,0,9.22
113,Krasnoselkup,RU,2022-08-26 13:37:50,65.7,82.4667,45.12,75,100,3.42
114,Ponta Do Sol,PT,2022-08-26 13:37:50,32.6667,-17.1,79.43,68,48,2.42
115,Kautokeino,NO,2022-08-26 13:37:51,69.0125,23.0412,71.31,60,63,23.02
116,Provideniya,RU,2022-08-26 13:37:51,64.3833,-173.3,49.1,93,100,0.76
117,Richards Bay,ZA,2022-08-26 13:37:51,-28.783,32.0377,70.9,66,24,6.87
118,Ribeira Grande,PT,2022-08-26 13:37:52,38.5167,-28.7,75.6,78,40,4.61
119,Saldanha,ZA,2022-08-26 13:37:52,-33.0117,17.9442,60.85,60,49,14.05
120,Nioro,GM,2022-08-26 13:37:52,13.35,-15.75,82.87,78,100,8.77
121,Sorland,NO,2022-08-26 13:37:53,67.667,12.6934,57.06,94,100,16.11
122,Tiksi,RU,2022-08-26 13:37:53,71.6872,128.8694,43.93,84,42,4.45
123,Vao,NC,2022-08-26 13:37:53,-22.6667,167.4833,70.77,82,82,17.36
124,Balkhash,KZ,2022-08-26 13:37:54,46.844,74.9804,71.42,43,1,3.87
125,Benghazi,LY,2022-08-26 13:37:54,32.1167,20.0667,83.55,58,0,13.33
126,Galle,LK,2022-08-26 13:37:54,6.0367,80.217,77.59,86,100,16.22
127,Oranjemund,NA,2022-08-26 13:37:55,-28.55,16.4333,58.33,70,0,18.21
128,Buala,SB,2022-08-26 13:37:55,-8.145,159.5921,79.52,83,7,9.73
129,Mayo,US,2022-08-26 13:37:55,38.8876,-76.5119,82.35,84,20,1.99
130,Georgetown,MY,2022-08-26 13:34:10,5.4112,100.3354,84.88,83,20,4.61
131,Barrancabermeja,CO,2022-08-26 13:37:56,7.0653,-73.8547,75.52,94,75,4.61
132,Sibenik,HR,2022-08-26 13:37:56,43.7272,15.9058,87.46,42,0,5.99
133,Launceston,AU,2022-08-26 13:37:56,-41.45,147.1667,49.33,93,100,5.75
134,Los Llanos De Aridane,ES,2022-08-26 13:37:56,28.6585,-17.9182,74.95,82,40,12.66
135,Tadpatri,IN,2022-08-26 13:37:57,14.9167,78.0167,87.48,57,100,5.48
136,Sitka,US,2022-08-26 13:37:57,57.0531,-135.33,55.29,94,100,4.61
137,Tecoanapa,MX,2022-08-26 13:38:57,16.5167,-98.75,76.89,89,100,3.11
138,Husavik,IS,2022-08-26 13:38:58,66.0449,-17.3389,45.72,75,73,19.17
139,Dingle,PH,2022-08-26 13:38:58,10.9995,122.6711,76.39,89,100,4.47
140,Yeppoon,AU,2022-08-26 13:38:58,-23.1333,150.7333,58.78,84,34,11.59
141,Bilibino,RU,2022-08-26 13:38:59,68.0546,166.4372,42.78,85,100,3.91
142,Taoudenni,ML,2022-08-26 13:38:59,22.6783,-3.9836,109.76,16,32,5.84
143,Kaya,BF,2022-08-26 13:38:59,13.0917,-1.0844,90.1,49,53,7.61
144,Semey,KZ,2022-08-26 13:38:59,50.4111,80.2275,79.02,25,0,8.95
145,Thompson,CA,2022-08-26 13:39:00,55.7435,-97.8558,55.56,100,100,4.61
146,Bubaque,GW,2022-08-26 13:39:00,11.2833,-15.8333,79.48,81,100,14.12
147,Gat,IL,2022-08-26 13:39:00,31.61,34.7642,93.4,100,0,18.68
148,Hobart,AU,2022-08-26 13:39:01,-42.8794,147.3294,45.27,95,20,8.05
149,Sao Filipe,CV,2022-08-26 13:39:01,14.8961,-24.4956,80.29,79,95,2.19
150,Butaritari,KI,2022-08-26 13:39:01,3.0707,172.7902,80.87,78,24,11.77
151,The Pas,CA,2022-08-26 13:39:02,53.8251,-101.2541,66.22,72,0,11.5
152,Sai Buri,TH,2022-08-26 13:39:02,6.7013,101.6168,80.19,82,100,2.68
153,Huangzhou,CN,2022-08-26 13:39:02,30.45,114.8,84.18,70,14,3.44
154,Tranas,SE,2022-08-26 13:39:03,58.0372,14.9782,71.38,65,92,5.99
155,Maniitsoq,GL,2022-08-26 13:39:03,65.4167,-52.9,41.49,86,100,6.04
156,Port-Gentil,GA,2022-08-26 13:39:03,-0.7193,8.7815,82.36,65,40,18.41
157,Ancud,CL,2022-08-26 13:39:03,-41.8697,-73.8203,48.22,90,100,15.19
158,Machico,PT,2022-08-26 13:39:04,32.7,-16.7667,79.43,60,40,12.66
159,Pisco,PE,2022-08-26 13:39:04,-13.7,-76.2167,58.01,100,100,5.75
160,Ust-Tsilma,RU,2022-08-26 13:39:04,65.441,52.1498,58.75,53,54,5.95
161,Leningradskiy,RU,2022-08-26 13:39:05,69.3833,178.4167,35.49,97,100,6.82
162,Zawiercie,PL,2022-08-26 13:39:05,50.4877,19.4168,86.09,67,6,4.0
163,Preobrazheniye,RU,2022-08-26 13:39:05,42.9019,133.9064,62.44,74,92,4.14
164,Asyut,EG,2022-08-26 13:39:05,27.181,31.1837,95.18,15,0,17.22
165,Bredasdorp,ZA,2022-08-26 13:39:06,-34.5322,20.0403,63.48,42,6,15.61
166,Belmonte,BR,2022-08-26 13:39:06,-15.8631,-38.8828,72.9,84,100,8.52
167,Tukan,RU,2022-08-26 13:39:06,53.8409,57.4552,71.24,59,8,3.8
168,Srivardhan,IN,2022-08-26 13:39:07,18.0333,73.0167,79.2,84,16,5.91
169,Alekseyevsk,RU,2022-08-26 13:39:07,57.8406,108.3492,54.93,98,100,6.2
170,Granja,BR,2022-08-26 13:39:07,-3.1203,-40.8261,91.47,33,100,9.57
171,Morant Bay,JM,2022-08-26 13:39:08,17.8815,-76.4093,85.71,72,64,6.2
172,San Fernando,PH,2022-08-26 13:39:08,15.0286,120.6898,82.13,87,100,4.5
173,Sechura,PE,2022-08-26 13:39:08,-5.5569,-80.8222,67.37,72,1,11.77
174,Tuatapere,NZ,2022-08-26 13:39:09,-46.1333,167.6833,43.56,88,65,3.15
175,Samarai,PG,2022-08-26 13:39:09,-10.6167,150.6667,79.38,86,94,14.41
176,Beringovskiy,RU,2022-08-26 13:39:09,63.05,179.3167,48.22,81,100,13.69
177,Upernavik,GL,2022-08-26 13:39:09,72.7868,-56.1549,41.27,67,100,4.05
178,Rwamagana,RW,2022-08-26 13:39:10,-1.9487,30.4347,81.84,24,95,4.74
179,Constitucion,CL,2022-08-26 13:39:10,-35.3333,-72.4167,52.05,58,100,7.38
180,Gustavo Diaz Ordaz,MX,2022-08-26 13:39:10,26.2333,-98.5833,83.95,93,100,4.14
181,Sarakhs,IR,2022-08-26 13:39:11,36.5449,61.1577,93.34,12,0,9.22
182,Dunedin,NZ,2022-08-26 13:39:11,-45.8742,170.5036,46.8,87,0,1.99
183,Pitkyaranta,RU,2022-08-26 13:39:11,61.5734,31.4792,64.6,81,100,3.96
184,Vigrestad,NO,2022-08-26 13:40:12,58.5667,5.7,60.48,89,100,17.78
185,Mindelo,CV,2022-08-26 13:40:12,16.8901,-24.9804,87.35,58,75,12.66
186,Flinders,AU,2022-08-26 13:40:12,-34.5833,150.8552,54.37,90,36,8.16
187,Sidi Ali,DZ,2022-08-26 13:40:13,36.0998,0.4206,82.81,57,0,14.18
188,Cockburn Town,TC,2022-08-26 13:40:13,21.4612,-71.1419,82.54,73,32,14.63
189,Saskylakh,RU,2022-08-26 13:40:13,71.9167,114.0833,46.8,94,100,18.68
190,Pinawa,CA,2022-08-26 13:40:13,50.1489,-95.8811,65.8,61,47,7.18
191,Ploemeur,FR,2022-08-26 13:40:14,47.7333,-3.4333,76.82,55,0,10.36
192,Shunyi,CN,2022-08-26 13:40:14,40.125,116.6453,64.35,48,0,6.71
193,Faanui,PF,2022-08-26 13:40:14,-16.4833,-151.75,75.34,76,11,9.35
194,Izberbash,RU,2022-08-26 13:40:15,42.5696,47.8645,80.65,63,0,18.01
195,Torbay,CA,2022-08-26 13:40:15,47.6666,-52.7314,73.89,83,75,12.66
196,Victoria,HK,2022-08-26 13:36:40,22.2855,114.1577,86.32,84,84,1.01
197,Del Rio,US,2022-08-26 13:40:15,29.3627,-100.8968,77.23,85,22,8.99
198,Terrell,US,2022-08-26 13:40:16,32.736,-96.2753,78.91,90,100,4.61
199,Banikoara,BJ,2022-08-26 13:40:16,11.2985,2.4386,82.38,69,76,7.99
200,Lampa,CL,2022-08-26 13:40:17,-33.2833,-70.9,63.77,81,100,2.3
201,Chicama,PE,2022-08-26 13:40:17,-7.8447,-79.1469,57.74,72,31,5.23
202,Abnub,EG,2022-08-26 13:40:17,27.2696,31.1511,95.22,15,0,17.07
203,Bosaso,SO,2022-08-26 13:40:17,11.2842,49.1816,91.38,58,20,10.36
204,Norman Wells,CA,2022-08-26 13:40:18,65.282,-126.8329,46.44,93,20,3.44
205,Yumen,CN,2022-08-26 13:40:18,40.2833,97.2,75.88,22,100,23.6
206,Abu Samrah,SY,2022-08-26 13:40:18,35.3029,37.1841,94.17,17,0,17.25
207,Ahipara,NZ,2022-08-26 13:40:19,-35.1667,173.1667,56.32,88,34,11.77
208,Qaqortoq,GL,2022-08-26 13:40:19,60.7167,-46.0333,45.52,94,100,3.89
209,Hoima,UG,2022-08-26 13:40:19,1.4356,31.3436,72.72,81,80,1.21
210,Pangai,TO,2022-08-26 13:40:20,-19.8,-174.35,76.1,77,2,14.32
211,Ler,SS,2022-08-26 13:40:20,8.3018,30.1418,87.76,54,34,3.78
212,Gunjur,GM,2022-08-26 13:40:21,13.2019,-16.7339,84.27,84,75,11.5
213,Sarbogard,HU,2022-08-26 13:40:21,46.8869,18.6204,90.43,28,6,5.97
214,Araceli,PH,2022-08-26 13:40:21,10.5529,119.9913,84.0,74,100,10.0
215,Haines Junction,CA,2022-08-26 13:40:22,60.7522,-137.5108,30.15,100,99,0.0
216,Vila Franca Do Campo,PT,2022-08-26 13:40:22,37.7167,-25.4333,72.01,68,77,3.38
217,La Primavera,CO,2022-08-26 13:40:22,5.4906,-70.4092,82.8,66,93,6.71
218,Oeiras,BR,2022-08-26 13:37:06,-7.0253,-42.1311,90.5,24,79,10.63
219,Makakilo City,US,2022-08-26 13:40:23,21.3469,-158.0858,77.32,78,100,4.61
220,Narsaq,GL,2022-08-26 13:40:23,60.9167,-46.05,46.62,92,100,3.8
221,Capreol,CA,2022-08-26 13:40:23,46.706,-80.9225,58.55,88,75,11.5
222,Ambon,ID,2022-08-26 13:40:24,-3.6954,128.1814,78.94,89,40,3.44
223,Nosy Varika,MG,2022-08-26 13:40:24,-20.5833,48.5333,71.17,73,1,5.39
224,Bud,US,2022-08-26 13:40:24,39.447,-86.1758,75.67,87,9,4.68
225,Puerto Narino,CO,2022-08-26 13:40:25,-3.7703,-70.3831,83.12,68,70,0.85
226,Esperance,AU,2022-08-26 13:40:25,-33.8667,121.9,58.68,44,0,14.76
227,Puksoozero,RU,2022-08-26 13:40:25,62.5903,40.6066,67.44,59,6,4.74
228,Acapulco,MX,2022-08-26 13:40:06,16.8634,-99.8901,75.02,94,100,0.0
229,Saint-Denis,FR,2022-08-26 13:40:26,48.9167,2.3333,81.23,50,0,6.91
230,Saint-Philippe,RE,2022-08-26 13:41:26,-21.3585,55.7679,73.22,75,29,13.31
231,Geraldton,AU,2022-08-26 13:41:26,-28.7667,114.6,50.41,87,0,0.0
232,Corinto,GR,2022-08-26 13:41:27,37.9407,22.9573,84.88,41,21,4.72
233,Xining,CN,2022-08-26 13:41:27,36.6167,101.7667,63.41,67,100,13.76
234,Petropavlovsk-Kamchatskiy,RU,2022-08-26 13:41:28,53.0452,158.6483,54.19,94,0,6.71
235,Roald,NO,2022-08-26 13:41:28,62.5833,6.1333,63.16,88,75,6.91
236,Vanimo,PG,2022-08-26 13:41:28,-2.6741,141.3028,78.78,86,72,4.83
237,Cozumel,MX,2022-08-26 13:39:55,20.5083,-86.9458,84.99,84,40,7.0
238,Zhuhai,CN,2022-08-26 13:41:29,22.2769,113.5678,87.85,89,40,9.22
239,Palmer,US,2022-08-26 13:41:29,42.1584,-72.3287,80.26,69,5,1.01
240,Sheridan,US,2022-08-26 13:41:29,44.8333,-106.9173,69.31,94,0,5.75
241,Wajima,JP,2022-08-26 13:41:29,37.4,136.9,75.15,79,37,1.12
242,Nome,US,2022-08-26 13:41:30,64.5011,-165.4064,50.07,93,100,6.91
243,Coahuayana,MX,2022-08-26 13:41:30,18.7333,-103.6833,79.7,88,90,2.82
244,Redmond,US,2022-08-26 13:37:21,47.674,-122.1215,63.61,87,49,4.0
245,Bafoulabe,ML,2022-08-26 13:41:30,13.8065,-10.8321,86.27,62,100,7.61
246,Aviles,ES,2022-08-26 13:38:43,43.5547,-5.9248,70.77,77,75,8.05
247,Lovozero,RU,2022-08-26 13:41:31,68.005,35.0117,71.85,49,59,5.61
248,Mount Isa,AU,2022-08-26 13:41:31,-20.7333,139.5,58.77,25,53,6.91
249,Singaraja,ID,2022-08-26 13:41:31,-8.112,115.0882,77.74,83,98,6.89
250,Morondava,MG,2022-08-26 13:41:32,-20.2833,44.2833,76.87,71,20,11.03
251,Manokwari,ID,2022-08-26 13:41:32,-0.8667,134.0833,78.15,81,88,1.52
252,Kaitangata,NZ,2022-08-26 13:41:32,-46.2817,169.8464,38.59,94,6,4.94
253,Port Augusta,AU,2022-08-26 13:41:33,-32.5,137.7667,56.48,62,100,4.05
254,San Rafael,AR,2022-08-26 13:41:33,-34.6177,-68.3301,62.38,34,96,4.34
255,Independence,US,2022-08-26 13:39:18,39.0911,-94.4155,76.01,82,0,5.75
256,Stykkisholmur,IS,2022-08-26 13:41:33,65.0757,-22.7297,50.85,51,22,8.99
257,Ixtapa,MX,2022-08-26 13:41:34,20.7,-105.2,80.22,94,100,6.91
258,Dryden,CA,2022-08-26 13:41:34,49.7833,-92.7503,61.09,94,40,8.05
259,Port Hardy,CA,2022-08-26 13:41:34,50.6996,-127.4199,59.18,94,100,3.44
260,San Patricio,US,2022-08-26 13:41:35,28.017,-97.5169,83.89,78,0,1.45
261,Sisimiut,GL,2022-08-26 13:41:35,66.9395,-53.6735,43.11,78,100,5.73
262,Bree,BE,2022-08-26 13:41:35,51.1415,5.5969,70.21,91,100,1.99
263,Namatanai,PG,2022-08-26 13:41:36,-3.6667,152.4333,77.76,84,100,6.71
264,Itaberai,BR,2022-08-26 13:41:36,-16.0203,-49.8103,85.12,24,9,8.97
265,Solnechnyy,RU,2022-08-26 13:41:36,50.7214,136.6319,47.55,98,99,1.25
266,Porto Seguro,BR,2022-08-26 13:41:37,-16.4497,-39.0647,72.12,94,75,9.22
267,Kununurra,AU,2022-08-26 13:41:37,-15.7667,128.7333,55.38,54,3,0.0
268,Ampanihy,MG,2022-08-26 13:41:37,-24.7,44.75,81.18,32,26,11.41
269,Majene,ID,2022-08-26 13:41:37,-3.5403,118.9707,78.76,85,84,11.59
270,Flin Flon,CA,2022-08-26 13:37:36,54.7682,-101.865,64.24,82,20,8.05
271,Champerico,GT,2022-08-26 13:41:38,14.3,-91.9167,75.74,84,61,8.39
272,Saint-Pierre,RE,2022-08-26 13:41:38,-21.3393,55.4781,73.29,60,20,26.46
273,Olafsvik,IS,2022-08-26 13:41:39,64.8945,-23.7142,50.72,53,6,9.66
274,Ahome,MX,2022-08-26 13:40:24,25.9167,-109.1833,82.35,66,98,0.69
275,Moron,AR,2022-08-26 13:39:08,-34.6534,-58.6198,66.99,84,5,5.46
276,Ushtobe,KZ,2022-08-26 13:41:39,45.2514,77.9838,71.69,23,37,8.66
277,Portsmouth,GB,2022-08-26 13:40:26,50.799,-1.0913,76.01,77,11,5.01
278,Qandala,SO,2022-08-26 13:42:39,11.472,49.8728,88.61,57,35,4.81
279,Arrifes,PT,2022-08-26 13:42:40,37.7667,-25.7,70.05,78,75,3.44
280,Usoke,TZ,2022-08-26 13:42:40,-5.1667,32.35,89.06,18,46,6.06
281,Dikson,RU,2022-08-26 13:42:40,73.5069,80.5464,40.89,88,98,15.66
282,Muskegon,US,2022-08-26 13:42:41,43.3,-86.1334,68.34,84,40,8.05
283,Altay,CN,2022-08-26 13:42:41,47.8667,88.1167,63.41,29,79,7.38
284,Bambous Virieux,MU,2022-08-26 13:42:41,-20.3428,57.7575,72.21,68,75,13.8
285,Cahul,MD,2022-08-26 13:42:42,45.9075,28.1944,87.73,20,100,12.12
286,Vardo,NO,2022-08-26 13:42:42,70.3705,31.1107,69.78,64,0,14.97
287,Krasavino,RU,2022-08-26 13:42:42,60.9614,46.4814,71.33,65,81,5.08
288,Faya,SA,2022-08-26 13:42:42,18.3851,42.4509,77.11,48,82,5.66
289,Vestmanna,FO,2022-08-26 13:42:43,62.1564,-7.1664,52.72,82,100,16.11
290,Evensk,RU,2022-08-26 13:42:43,61.95,159.2333,51.35,76,66,1.72
291,Birin,NP,2022-08-26 13:42:43,26.8865,88.0718,67.8,87,100,1.14
292,Galatas,GR,2022-08-26 13:42:44,37.4962,23.4489,84.87,56,7,5.75
293,Praia Da Vitoria,PT,2022-08-26 13:42:44,38.7333,-27.0667,75.76,83,40,7.7
294,Polovinnoye,RU,2022-08-26 13:42:44,54.7914,65.9864,75.54,53,100,7.14
295,Yar-Sale,RU,2022-08-26 13:42:45,66.8333,70.8333,46.9,72,93,16.28
296,Tuktoyaktuk,CA,2022-08-26 13:42:45,69.4541,-133.0374,48.2,100,100,5.75
297,Sooke,CA,2022-08-26 13:41:54,48.3746,-123.7276,63.45,87,51,31.07
298,Fairbanks,US,2022-08-26 13:42:45,64.8378,-147.7164,53.56,83,75,3.44
299,Nichinan,JP,2022-08-26 13:42:46,31.6,131.3667,78.12,86,59,5.75
300,Okha,RU,2022-08-26 13:42:46,53.5739,142.9478,53.69,97,100,9.37
301,Klyuchi,RU,2022-08-26 13:42:46,52.2667,79.1667,69.85,54,98,5.44
302,Douglas,US,2022-08-26 13:42:17,41.3,-96.167,67.87,91,75,9.22
303,Alihe,CN,2022-08-26 13:42:47,50.5667,123.7167,47.32,76,8,3.87
304,Aripuana,BR,2022-08-26 13:42:47,-9.1667,-60.6333,93.52,35,1,0.67
305,Bakchar,RU,2022-08-26 13:42:47,57.0186,82.0711,52.88,79,73,2.04
306,Akyab,MM,2022-08-26 13:42:47,20.15,92.9,81.03,86,100,5.28
307,Salym,RU,2022-08-26 13:42:48,60.0625,71.4789,56.28,79,100,10.74
308,Smithers,CA,2022-08-26 13:42:48,54.7804,-127.1743,61.12,77,75,6.91
309,Juneau,US,2022-08-26 13:42:48,58.3019,-134.4197,58.21,95,100,3.44
310,Taybad,IR,2022-08-26 13:42:49,34.74,60.7756,80.4,11,0,24.83
311,Aksarka,RU,2022-08-26 13:42:49,66.5606,67.7975,50.13,59,100,3.83
312,Batemans Bay,AU,2022-08-26 13:42:49,-35.7167,150.1833,54.1,91,91,4.94
313,Mehamn,NO,2022-08-26 13:42:49,71.0357,27.8492,57.11,94,40,5.75
314,Iquique,CL,2022-08-26 13:38:47,-20.2208,-70.1431,57.24,63,29,2.15
315,Andros Town,BS,2022-08-26 13:42:50,24.7,-77.7667,85.96,67,90,10.2
316,Hasaki,JP,2022-08-26 13:42:50,35.7333,140.8333,75.6,90,100,11.54
317,Young,UY,2022-08-26 13:42:50,-32.6833,-57.6333,71.15,79,41,9.98
318,Merauke,ID,2022-08-26 13:42:51,-8.4667,140.3333,76.59,87,88,13.82
319,Iqaluit,CA,2022-08-26 13:42:00,63.7506,-68.5145,40.73,86,100,11.5
320,Arman,RU,2022-08-26 13:42:51,59.7,150.1667,44.02,81,55,2.66
321,Henties Bay,NA,2022-08-26 13:42:51,-22.116,14.2845,58.91,76,0,14.41
322,Grindavik,IS,2022-08-26 13:42:52,63.8424,-22.4338,55.35,58,0,20.71
323,Luderitz,NA,2022-08-26 13:42:52,-26.6481,15.1594,62.46,64,0,27.56
324,Luwuk,ID,2022-08-26 13:43:52,-0.9516,122.7875,75.96,90,81,4.5
325,Poykovskiy,RU,2022-08-26 13:43:53,61.2333,73.3333,55.69,81,40,17.9
326,Ihosy,MG,2022-08-26 13:43:53,-22.4,46.1167,72.18,44,37,13.13
327,Oriximina,BR,2022-08-26 13:43:53,-1.7656,-55.8661,87.78,54,58,4.21
328,Krasnaya Polyana,RU,2022-08-26 13:43:54,56.242,51.1442,81.0,36,0,4.18
329,Dobryanka,RU,2022-08-26 13:43:54,58.4619,56.4165,73.33,61,100,4.25
330,Ust-Uda,RU,2022-08-26 13:43:54,54.1742,103.0304,54.54,80,20,2.39
331,Sabha,LY,2022-08-26 13:43:54,27.0377,14.4283,101.34,16,3,6.64
332,Kanelovskaya,RU,2022-08-26 13:43:55,46.5908,39.19,96.84,12,0,21.54
333,Vermillion,US,2022-08-26 13:43:55,42.7794,-96.9292,64.56,79,100,7.38
334,Pontes E Lacerda,BR,2022-08-26 13:43:55,-15.2261,-59.3353,93.11,24,67,1.05
335,Anzio,IT,2022-08-26 13:43:56,41.4853,12.6179,91.69,58,4,9.35
336,Strezhevoy,RU,2022-08-26 13:43:56,60.7333,77.5889,52.81,95,100,14.03
337,Talcahuano,CL,2022-08-26 13:43:56,-36.7167,-73.1167,42.48,93,0,0.0
338,San Quintin,MX,2022-08-26 13:43:56,30.4833,-115.95,69.91,89,1,7.02
339,Tamandare,BR,2022-08-26 13:43:57,-8.7597,-35.1047,77.95,69,100,13.27
340,Ivanovka,KG,2022-08-26 13:43:57,42.8878,75.085,70.16,27,47,0.69
341,Turayf,SA,2022-08-26 13:43:57,31.6725,38.6637,98.85,15,0,4.61
342,Vizinga,RU,2022-08-26 13:43:58,61.0749,50.1031,70.25,60,97,5.21
343,Telde,ES,2022-08-26 13:43:58,27.9924,-15.4192,79.02,61,20,28.77
344,Ngama,TD,2022-08-26 13:43:58,11.7833,17.1667,86.05,57,48,3.51
345,Clyde River,CA,2022-08-26 13:43:59,70.4692,-68.5914,39.43,93,100,4.61
346,North Bend,US,2022-08-26 13:43:59,43.4065,-124.2243,62.85,98,100,4.61
347,Sotouboua,TG,2022-08-26 13:43:59,8.5667,0.9833,70.93,96,100,5.23
348,Griffith,US,2022-08-26 13:43:59,41.5284,-87.4237,73.0,84,75,8.05
349,Adiake,CI,2022-08-26 13:44:00,5.2863,-3.304,80.42,70,100,11.86
350,San Vicente,AR,2022-08-26 13:44:00,-26.6167,-54.1333,76.57,39,0,2.91
351,Kenai,US,2022-08-26 13:44:00,60.5544,-151.2583,52.09,98,100,4.61
352,Mora,CM,2022-08-26 13:44:01,11.0461,14.1401,82.31,63,100,3.71
353,Wakkanai,JP,2022-08-26 13:44:01,45.4094,141.6739,67.03,92,90,12.44
354,Vabalninkas,LT,2022-08-26 13:44:01,55.9667,24.75,80.64,51,12,4.65
355,Lompoc,US,2022-08-26 13:39:34,34.6391,-120.4579,56.59,88,100,3.44
356,Seydisehir,TR,2022-08-26 13:44:02,37.4193,31.8453,79.32,33,1,12.1
357,Turbat,PK,2022-08-26 13:44:02,26.0023,63.044,88.81,47,27,14.61
358,Meulaboh,ID,2022-08-26 13:44:03,4.1363,96.1285,76.35,84,100,2.75
359,Leczyca,PL,2022-08-26 13:44:03,52.0596,19.1997,92.16,25,11,10.18
360,Itarema,BR,2022-08-26 13:44:04,-2.9248,-39.9167,87.06,41,100,15.39
361,Belaya Gora,RU,2022-08-26 13:44:04,68.5333,146.4167,43.21,55,61,4.74
362,Port Hedland,AU,2022-08-26 13:44:05,-20.3167,118.5667,60.85,72,5,0.0
363,Salinopolis,BR,2022-08-26 13:44:05,-0.6136,-47.3561,82.08,78,23,11.34
364,Otaru,JP,2022-08-26 13:44:05,43.1894,141.0022,68.02,85,41,5.1
365,Nanortalik,GL,2022-08-26 13:44:06,60.1432,-45.2371,44.15,96,100,7.9
366,Vila Velha,BR,2022-08-26 13:44:06,-20.3297,-40.2925,78.75,71,40,9.22
367,Dwarka,IN,2022-08-26 13:44:06,22.2394,68.9678,82.02,68,99,8.34
368,Arenapolis,BR,2022-08-26 13:40:21,-14.4503,-56.8461,90.7,23,71,5.03
369,Porto Velho,BR,2022-08-26 13:44:00,-8.7619,-63.9039,80.65,78,21,2.3
370,Saint George,US,2022-08-26 13:44:07,37.1041,-113.5841,77.95,53,0,4.61
371,Puerto Colombia,CO,2022-08-26 13:44:07,10.9878,-74.9547,80.69,81,19,7.74
372,Vostok,RU,2022-08-26 13:44:07,46.4856,135.8833,48.45,79,0,4.27
373,Aleppo,SY,2022-08-26 13:45:08,36.25,37.5,93.27,18,0,18.57
374,Guaymas,MX,2022-08-26 13:44:02,27.9333,-110.9,79.45,64,100,3.51
375,Laguna,US,2022-08-26 13:45:08,38.421,-121.4238,66.09,91,0,5.75
376,Along,IN,2022-08-26 13:45:08,28.1667,94.7667,78.22,97,97,1.14
377,Antofagasta,CL,2022-08-26 13:42:24,-23.65,-70.4,56.48,68,78,2.93
378,Trincomalee,LK,2022-08-26 13:45:09,8.5711,81.2335,81.95,78,100,8.77
379,Macapa,BR,2022-08-26 13:45:09,0.0389,-51.0664,85.98,70,75,5.75
380,Ust-Kulom,RU,2022-08-26 13:45:10,61.6864,53.6902,66.96,45,4,5.39
381,Willmar,US,2022-08-26 13:45:11,45.1219,-95.0433,64.02,94,0,0.0
382,Thiers,FR,2022-08-26 13:45:11,45.8333,3.5,75.52,49,68,6.13
383,Salta,AR,2022-08-26 13:40:32,-24.7859,-65.4117,73.58,39,1,4.61
384,Tyler,US,2022-08-26 13:44:07,32.3513,-95.3011,76.87,95,75,1.01
385,Half Moon Bay,US,2022-08-26 13:45:11,37.4636,-122.4286,64.2,91,100,5.75
386,Norwich,GB,2022-08-26 13:45:12,52.6278,1.2983,77.47,53,40,6.91
387,Leninskoye,KZ,2022-08-26 13:45:12,41.7589,69.3864,76.91,14,0,9.19
388,Tahta,EG,2022-08-26 13:45:12,26.7693,31.5021,99.39,17,0,18.68
389,Arroyo,ES,2022-08-26 13:45:13,41.6096,-4.7969,84.24,37,0,11.5
390,Te Anau,NZ,2022-08-26 13:45:13,-45.4167,167.7167,36.21,95,16,0.72
391,Souillac,MU,2022-08-26 13:45:13,-20.5167,57.5167,71.98,68,75,13.8
392,Grants,US,2022-08-26 13:42:03,35.1473,-107.8514,59.23,94,100,0.0
393,Waverly,US,2022-08-26 13:45:14,42.7392,-84.6208,68.16,89,100,8.05
394,Akdagmadeni,TR,2022-08-26 13:45:14,39.6603,35.8836,83.19,26,67,3.49
395,Charagua,BO,2022-08-26 13:45:14,-19.8,-63.2167,67.57,32,0,8.75
396,Mancio Lima,BR,2022-08-26 13:45:15,-7.6142,-72.8958,73.47,88,1,3.44
397,Taltal,CL,2022-08-26 13:45:15,-25.4,-70.4833,57.16,78,71,5.32
398,Ghanzi,BW,2022-08-26 13:45:15,-21.5667,21.7833,84.02,12,0,2.77
399,Yabrud,SY,2022-08-26 13:45:16,33.9674,36.6574,83.28,23,0,10.22
400,Poretskoye,RU,2022-08-26 13:45:16,55.1974,46.3291,84.52,27,30,7.02
401,Chernyshevskiy,RU,2022-08-26 13:45:16,63.0128,112.4714,43.09,90,8,9.1
402,Kudahuvadhoo,MV,2022-08-26 13:45:17,2.6708,72.8944,76.68,83,100,10.76
403,Guatire,VE,2022-08-26 13:45:17,10.4762,-66.5427,83.19,82,99,3.49
404,Chaplynka,UA,2022-08-26 13:45:17,46.3651,33.5403,85.95,36,15,17.76
405,Tarko-Sale,RU,2022-08-26 13:45:17,64.9225,77.785,42.04,93,100,25.5
406,Hamilton,US,2022-08-26 13:42:53,39.1834,-84.5333,77.86,80,20,6.91
407,Acapetahua,MX,2022-08-26 13:45:18,15.2833,-92.7,80.24,76,56,0.63
408,Mugur-Aksy,RU,2022-08-26 13:45:18,50.35,90.5,48.29,80,100,4.54
409,Nizwa,OM,2022-08-26 13:45:19,22.9333,57.5333,98.56,14,25,6.71
410,Ulladulla,AU,2022-08-26 13:45:19,-35.35,150.4667,53.69,87,88,5.46
411,Moba,CN,2022-08-26 13:45:19,33.2288,105.0179,64.11,94,100,3.02
412,Yerofey Pavlovich,RU,2022-08-26 13:45:19,53.9667,121.9667,46.06,86,100,2.64
413,Ukiah,US,2022-08-26 13:45:20,39.1502,-123.2078,68.38,84,0,0.0
414,Kaukauna,US,2022-08-26 13:45:20,44.278,-88.272,65.08,84,10,1.99
415,Barranca,PE,2022-08-26 13:45:20,-10.75,-77.7667,62.76,75,70,7.0
416,Rawson,AR,2022-08-26 13:45:21,-43.3002,-65.1023,53.24,42,100,11.48
417,Balabac,PH,2022-08-26 13:45:21,7.9868,117.0645,81.77,76,50,6.87
418,Manono,CD,2022-08-26 13:45:21,-7.3,27.4167,96.91,16,17,4.61
419,Lerwick,GB,2022-08-26 13:46:22,60.1545,-1.1494,59.0,78,89,13.76
420,Nuuk,GL,2022-08-26 13:45:01,64.1835,-51.7216,41.61,93,75,3.44
421,Opuwo,NA,2022-08-26 13:46:22,-18.0607,13.84,86.85,11,0,0.49
422,Zambezi,ZM,2022-08-26 13:46:22,-13.5432,23.1047,90.37,16,66,4.74
423,Mandera,KE,2022-08-26 13:46:23,3.9366,41.867,87.06,36,99,17.96
424,Kostomuksha,RU,2022-08-26 13:46:23,64.571,30.5767,70.66,42,38,4.21
425,Dzaoudzi,YT,2022-08-26 13:46:23,-12.7887,45.2699,78.69,65,75,4.61
426,Daru,PG,2022-08-26 13:46:24,-9.0763,143.2092,76.82,91,75,15.08
427,Morros,BR,2022-08-26 13:46:24,-9.4467,-46.3003,87.12,26,56,12.71
428,Cabano,PH,2022-08-26 13:46:24,10.5869,122.7002,80.58,79,100,12.57
429,Acajutla,SV,2022-08-26 13:46:25,13.5928,-89.8275,80.58,79,49,3.71
430,Kirakira,SB,2022-08-26 13:46:25,-10.4544,161.9205,78.44,85,100,10.76
431,Jinji,CN,2022-08-26 13:46:25,23.2281,110.8261,78.17,92,100,2.01
432,Santa Cruz,BO,2022-08-26 13:41:51,-17.8,-63.1667,80.06,61,20,9.22
433,Hazorasp,UZ,2022-08-26 13:46:26,41.3194,61.0742,85.84,11,0,12.62
434,Aswan,EG,2022-08-26 13:46:26,24.0934,32.907,105.1,14,0,13.8
435,Kuopio,FI,2022-08-26 13:46:26,62.8924,27.677,69.75,46,0,3.44
436,Springbok,ZA,2022-08-26 13:46:27,-29.6643,17.8865,62.11,27,0,12.21
437,Guerrero Negro,MX,2022-08-26 13:46:27,27.9769,-114.0611,71.55,87,17,11.43
438,Likhoy,RU,2022-08-26 13:46:27,48.1266,40.2056,89.33,11,100,18.95
439,Agirish,RU,2022-08-26 13:46:27,61.9247,63.0231,59.81,55,45,5.32
440,Vestmannaeyjar,IS,2022-08-26 13:46:28,63.4427,-20.2734,56.39,50,0,24.16
441,Krasnogorsk,RU,2022-08-26 13:46:28,55.8225,37.3181,89.94,23,0,11.18
442,Qui Nhon,VN,2022-08-26 13:42:28,13.7667,109.2333,81.54,85,66,6.78
443,Nindiri,NI,2022-08-26 13:46:28,12.0039,-86.1213,78.76,83,40,4.61
444,Kapoeta,SS,2022-08-26 13:46:29,4.7717,33.5903,87.67,36,100,3.89
445,Hovd,MN,2022-08-26 13:46:29,48.0056,91.6419,64.0,29,70,3.78
446,Irbeyskoye,RU,2022-08-26 13:46:30,55.6428,95.4522,54.32,98,100,3.91
447,Iskateley,RU,2022-08-26 13:46:30,67.6803,53.1512,53.96,56,100,11.48
448,Atagay,RU,2022-08-26 13:46:30,55.1033,99.3875,55.4,96,100,3.24
449,Pangnirtung,CA,2022-08-26 13:46:31,66.1451,-65.7125,42.8,87,100,0.0
450,Coquimbo,CL,2022-08-26 13:41:37,-29.9533,-71.3436,51.53,100,100,4.61
451,Opunake,NZ,2022-08-26 13:46:31,-39.4556,173.8583,52.11,80,93,23.11
452,Bartica,GY,2022-08-26 13:46:31,6.4,-58.6167,84.52,59,46,3.11
453,Paris,FR,2022-08-26 13:44:55,48.8534,2.3488,81.77,49,75,7.0
454,Amahai,ID,2022-08-26 13:46:32,-3.3333,128.9167,77.07,88,29,5.41
455,Port Lincoln,AU,2022-08-26 13:45:48,-34.7333,135.8667,54.86,75,100,4.92
456,Kuah,MY,2022-08-26 13:46:32,6.3265,99.8432,82.38,89,20,0.0
457,Lagoa,PT,2022-08-26 13:46:32,39.05,-27.9833,72.23,74,34,3.36
458,Linjiang,CN,2022-08-26 13:46:33,41.8069,126.9078,48.27,98,63,3.0
459,Mitsamiouli,KM,2022-08-26 13:46:33,-11.3847,43.2844,75.49,69,75,2.3
460,Pilar,BR,2022-08-26 13:46:33,-9.5972,-35.9567,78.73,69,100,10.47
461,Huarmey,PE,2022-08-26 13:46:34,-10.0681,-78.1522,64.2,77,51,6.42
462,Hirara,JP,2022-08-26 13:47:34,24.8,125.2833,85.89,76,100,7.9
463,Tevriz,RU,2022-08-26 13:47:34,57.509,72.4042,66.11,60,12,7.81
464,Kon Tum,VN,2022-08-26 13:47:35,14.35,108.0,71.19,97,70,0.89
465,Hisai,JP,2022-08-26 13:47:35,34.6667,136.4667,80.4,88,78,4.21
466,Teya,RU,2022-08-26 13:47:35,60.3778,92.6267,46.69,77,100,3.22
467,Tashtyp,RU,2022-08-26 13:47:35,52.7939,89.8983,55.89,88,93,2.84
468,Lorengau,PG,2022-08-26 13:47:36,-2.0226,147.2712,81.09,80,20,9.15
469,Svetlaya,RU,2022-08-26 13:47:36,46.5389,138.3297,60.08,64,0,5.44
470,Havoysund,NO,2022-08-26 13:47:36,70.9963,24.6622,52.03,87,67,13.62
471,Uvira,CD,2022-08-26 13:47:37,-3.4067,29.1458,86.13,53,54,11.52
472,Bousse,BF,2022-08-26 13:47:37,12.6606,-1.8922,90.23,49,58,5.17
473,Mujiayingzi,CN,2022-08-26 13:47:37,42.1167,118.7833,55.71,37,0,11.56
474,Zhigansk,RU,2022-08-26 13:47:38,66.7697,123.3711,48.06,72,52,14.58
475,Buckeye,US,2022-08-26 13:46:37,33.3703,-112.5838,88.83,58,0,0.0
476,Ndele,CF,2022-08-26 13:47:38,8.4109,20.6473,76.59,90,91,5.26
477,Tucuman,AR,2022-08-26 13:46:04,-26.8241,-65.2226,71.6,46,4,8.05
478,Nikita,UA,2022-08-26 13:47:38,44.5333,34.2333,71.71,72,5,6.55
479,Mogadishu,SO,2022-08-26 13:47:39,2.0371,45.3438,82.27,69,40,19.57
480,Biak,ID,2022-08-26 13:47:40,-0.9131,122.8766,74.95,88,77,5.97
481,Biltine,TD,2022-08-26 13:47:40,14.5333,20.9167,88.81,44,47,3.36
482,Salinas,US,2022-08-26 13:43:19,36.6777,-121.6555,58.98,86,75,0.0
483,Buchanan,LR,2022-08-26 13:47:41,5.8808,-10.0467,81.37,70,99,9.89
484,Bowen,AU,2022-08-26 13:47:41,-20.0167,148.2333,64.9,76,0,14.81
485,Okhotsk,RU,2022-08-26 13:47:41,59.3833,143.3,51.85,86,26,7.14
486,Antalaha,MG,2022-08-26 13:47:42,-14.9003,50.2788,72.48,65,4,13.02
487,Djambala,CG,2022-08-26 13:47:42,-2.5447,14.7533,83.7,42,98,3.27
488,Noumea,NC,2022-08-26 13:43:44,-22.2763,166.4572,73.0,99,100,10.56
489,Quatre Cocos,MU,2022-08-26 13:47:42,-20.2078,57.7625,72.09,67,24,17.16
490,Ionia,US,2022-08-26 13:47:43,42.9873,-85.0711,68.2,91,100,6.91
491,Cabo San Lucas,MX,2022-08-26 13:47:43,22.8909,-109.9124,84.51,64,100,13.02
492,Valreas,FR,2022-08-26 13:47:43,44.3837,4.9908,90.61,36,0,18.99
493,Greeneville,US,2022-08-26 13:47:44,36.1632,-82.831,71.92,96,20,0.0
494,Komsomolskiy,UZ,2022-08-26 13:47:44,40.4272,71.7189,83.12,17,0,6.91
495,Mayumba,GA,2022-08-26 13:47:44,-3.432,10.6554,76.91,71,70,7.9
496,Makubetsu,JP,2022-08-26 13:47:45,45.3714,141.8211,64.58,94,92,10.11
497,Gujar Khan,PK,2022-08-26 13:47:45,33.2558,73.3026,82.63,84,31,11.97
498,Sinor,IN,2022-08-26 13:47:45,21.9167,73.3333,87.82,75,32,7.47
499,Mae Sot,TH,2022-08-26 13:47:45,16.7167,98.5667,78.42,99,100,0.83
500,San Luis,AR,2022-08-26 13:47:10,-33.295,-66.3356,67.51,41,100,8.43
501,Puerto Maldonado,PE,2022-08-26 13:47:46,-12.6,-69.1833,79.2,73,0,2.3
502,Aguimes,ES,2022-08-26 13:47:46,27.9054,-15.4461,77.63,61,20,28.77
503,Kutum,SD,2022-08-26 13:47:47,14.2,24.6667,82.92,43,64,9.04
504,Sarangani,PH,2022-08-26 13:48:47,5.4033,125.4636,84.38,68,100,9.33
505,Formosa Do Rio Preto,BR,2022-08-26 13:48:47,-11.0483,-45.1931,85.53,29,28,9.86
506,Quang Ngai,VN,2022-08-26 13:48:47,15.1167,108.8,80.17,85,100,3.6
507,Otane,NZ,2022-08-26 13:48:48,-39.8833,176.6333,50.02,93,100,9.86
508,Nouakchott,MR,2022-08-26 13:48:48,18.0858,-15.9785,82.33,74,100,3.71
509,Ustyuzhna,RU,2022-08-26 13:48:48,58.8394,36.4321,79.34,46,100,2.57
510,Dongsheng,CN,2022-08-26 13:48:49,39.8161,109.9776,60.31,43,83,9.08
511,Nishihara,JP,2022-08-26 13:48:49,26.1842,127.7558,85.68,84,75,8.05
512,Korla,CN,2022-08-26 13:48:49,41.7597,86.1469,76.84,32,100,10.87
513,Jiwani,PK,2022-08-26 13:48:50,25.05,61.7417,81.21,77,18,12.44
514,Ocean City,US,2022-08-26 13:44:47,39.2776,-74.5746,82.11,79,0,3.0
515,Raga,SS,2022-08-26 13:48:50,8.4596,25.678,73.92,93,100,3.8
516,Dharchula,IN,2022-08-26 13:48:50,29.85,80.5333,74.48,92,70,0.89
517,Surt,LY,2022-08-26 13:48:51,31.2089,16.5887,84.25,54,0,12.84
518,Price,US,2022-08-26 13:48:51,39.5994,-110.8107,63.66,55,0,3.44
519,Statesboro,US,2022-08-26 13:48:51,32.4488,-81.7832,78.33,88,40,0.0
520,Pringsewu,ID,2022-08-26 13:48:52,-5.3582,104.9744,73.81,95,89,2.28
521,Nouadhibou,MR,2022-08-26 13:48:52,20.931,-17.0347,78.78,73,100,12.66
522,Balancan,MX,2022-08-26 13:48:52,17.8,-91.5333,78.42,85,42,6.06
523,Barpali,IN,2022-08-26 13:48:52,21.2,83.5833,81.48,78,23,3.6
524,Port Blair,IN,2022-08-26 13:48:03,11.6667,92.75,77.04,94,75,5.75
525,The Valley,AI,2022-08-26 13:48:53,18.217,-63.0578,85.86,84,40,16.11
526,Mpulungu,ZM,2022-08-26 13:48:53,-8.7623,31.1141,81.75,40,10,2.93
527,Ucluelet,CA,2022-08-26 13:48:53,48.9329,-125.5528,57.51,93,88,2.68
528,Yanam,IN,2022-08-26 13:48:54,16.7333,82.2167,82.22,76,100,3.87
529,Harrisonburg,US,2022-08-26 13:48:54,38.4496,-78.8689,76.82,83,0,4.03
530,Hofn,IS,2022-08-26 13:48:54,64.2539,-15.2082,51.82,58,40,26.46
531,Southbridge,US,2022-08-26 13:48:55,42.0751,-72.0334,81.3,73,3,8.28
532,Bull Savanna,JM,2022-08-26 13:48:55,17.8868,-77.5902,81.1,68,17,3.2
533,Wamba,NG,2022-08-26 13:48:55,8.9333,8.6,80.26,72,95,5.14
534,La Asuncion,VE,2022-08-26 13:48:56,11.0333,-63.8628,80.33,94,77,8.05
535,Sao Jose Da Coroa Grande,BR,2022-08-26 13:48:56,-8.8978,-35.1478,77.63,69,100,13.8
536,Puro,PH,2022-08-26 13:48:56,12.4841,123.3827,79.16,83,100,8.3
537,Takhli,TH,2022-08-26 13:48:56,15.2634,100.3438,78.75,97,100,13.51
538,Lianzhou,CN,2022-08-26 13:48:57,24.7811,112.3825,77.74,94,97,2.82
539,Ilebo,CD,2022-08-26 13:48:57,-4.3167,20.5833,90.84,38,81,4.12
540,Teknaf,BD,2022-08-26 13:48:57,20.8624,92.3058,81.48,85,100,3.78
541,Kalmunai,LK,2022-08-26 13:48:58,7.4167,81.8167,81.19,78,100,3.42
542,Kidal,ML,2022-08-26 13:48:58,18.4411,1.4078,101.39,23,9,14.38
543,Bodden Town,KY,2022-08-26 13:48:58,19.2833,-81.25,84.99,81,20,3.44
544,Yerbogachen,RU,2022-08-26 13:48:59,61.2767,108.0108,45.73,84,25,7.52
545,Puerto Leguizamo,CO,2022-08-26 13:48:59,-0.1934,-74.7819,75.34,78,92,0.81
546,Kahului,US,2022-08-26 13:48:59,20.8947,-156.47,78.84,68,0,5.99
547,Baindur,IN,2022-08-26 13:49:00,13.8667,74.6333,78.04,90,100,7.54
548,Chaihe,CN,2022-08-26 13:49:00,44.7667,129.7,50.34,94,100,2.3
549,Kovur,IN,2022-08-26 13:49:00,14.4833,79.9833,86.83,63,100,4.29
550,Ciudad Guayana,VE,2022-08-26 13:48:34,8.3533,-62.6528,82.53,77,92,2.28
551,Akdepe,TM,2022-08-26 13:50:01,42.0551,59.3788,89.69,12,0,13.91
552,Labrea,BR,2022-08-26 13:50:01,-7.2586,-64.7981,91.04,44,8,2.51
553,Tual,ID,2022-08-26 13:50:01,-5.6667,132.75,79.41,84,89,20.4
554,Niquero,CU,2022-08-26 13:50:01,20.0431,-77.5828,83.62,73,14,4.61
555,Lupiro,TZ,2022-08-26 13:50:02,-8.3833,36.6667,86.67,32,79,7.49
556,Nemuro,JP,2022-08-26 13:50:02,43.3236,145.575,62.98,96,100,5.32
557,Medina,SA,2022-08-26 13:46:26,24.4686,39.6142,108.03,7,40,4.61
558,Marsa Matruh,EG,2022-08-26 13:50:03,31.3525,27.2453,86.2,54,40,13.8
559,Ontario,US,2022-08-26 13:47:49,34.0633,-117.6509,78.64,77,20,5.75
560,Coihaique,CL,2022-08-26 13:50:02,-45.5752,-72.0662,42.75,70,100,9.22
561,Pacific Grove,US,2022-08-26 13:46:16,36.6177,-121.9166,59.02,94,75,4.0
562,Mitu,CO,2022-08-26 13:50:03,1.1983,-70.1733,83.19,64,60,1.79
563,Benguela,AO,2022-08-26 13:50:04,-12.5763,13.4055,73.4,75,55,10.33
564,Kjollefjord,NO,2022-08-26 13:50:04,70.9457,27.3465,53.42,94,40,5.75
565,Muscat,OM,2022-08-26 13:47:26,23.6139,58.5922,87.82,59,7,7.47
566,Progreso,MX,2022-08-26 13:50:04,21.2833,-89.6667,81.1,78,98,8.97
567,Kemijarvi,FI,2022-08-26 13:50:05,66.7131,27.4306,70.92,51,7,10.65
568,Karratha,AU,2022-08-26 13:50:05,-20.7377,116.8463,68.85,47,7,3.38
569,Hay River,CA,2022-08-26 13:50:05,60.8156,-115.7999,64.38,68,75,8.05
570,Fukue,JP,2022-08-26 13:50:06,32.6881,128.8419,79.05,69,41,11.1
571,Uyuni,BO,2022-08-26 13:50:06,-20.4597,-66.825,46.74,8,0,4.29
572,Tromso,NO,2022-08-26 13:50:06,69.6496,18.957,72.37,63,0,10.36
573,Crixas,BR,2022-08-26 13:50:06,-14.5489,-49.9692,91.78,20,6,10.49
574,Bambanglipuro,ID,2022-08-26 13:50:07,-7.95,110.2833,76.64,85,99,9.15
575,Tautira,PF,2022-08-26 13:50:07,-17.7333,-149.15,74.59,77,100,6.82
576,Pereira Barreto,BR,2022-08-26 13:50:07,-20.6383,-51.1092,85.01,24,3,6.22
577,Aleksandrovka,UA,2022-08-26 13:50:08,46.8383,32.7612,84.07,42,24,17.25
578,Augusto Correa,BR,2022-08-26 13:50:08,-1.0217,-46.635,81.86,81,24,6.93
579,Tooele,US,2022-08-26 13:50:08,40.5308,-112.2983,70.45,52,0,9.22
580,Yuma,US,2022-08-26 13:50:09,32.7253,-114.6244,89.26,54,0,3.44
581,Pinar Del Rio,CU,2022-08-26 13:50:09,22.4175,-83.6981,83.37,72,98,4.05
582,Rabat,MA,2022-08-26 13:50:09,33.9911,-6.8401,84.04,75,40,8.05
583,Banjar,ID,2022-08-26 13:50:10,-8.19,114.9675,75.09,90,98,6.87
584,Usinsk,RU,2022-08-26 13:50:10,65.9939,57.5281,53.94,58,96,12.5
585,Truth Or Consequences,US,2022-08-26 13:50:10,33.1284,-107.2528,70.16,72,0,8.05
586,Kaili,ID,2022-08-26 13:50:11,-3.4626,120.2147,65.07,96,86,3.06
587,Khurai,IN,2022-08-26 13:50:11,24.0436,78.3319,76.53,87,9,7.29
588,Valparaiso,CL,2022-08-26 13:50:07,-33.0393,-71.6273,57.99,90,75,1.14
